date,time_utc,latitude,longitude,magnitude,epicenter
2025-08-22,17:30,27.54,87.14,4.4,Sankhuwasabha
2025-08-17,09:58,27.70,86.53,4.0,Ramechap
2025-04-04,14:25,28.96,82.12,5.5,Jajarkot
2025-04-04,14:22,28.95,82.12,5.2,Jajarkot
2025-04-03,11:19,30.02,80.84,4.0,Darchula
2025-03-26,13:59,29.69,81.82,4.5,Humla
2025-03-26,12:42,28.70,86.74,5.5,"Tingri, China"
2025-03-18,00:48,29.19,81.44,4.3,Achham
2025-03-10,22:26,28.28,84.13,4.3,Kaski
2025-03-08,08:50,28.42,87.63,5.9,"Dinggye, China"
2025-03-08,00:35,28.46,83.22,4.1,Baglung
2025-03-07,21:29,28.53,83.33,4.0,Myagdi
2025-02-27,21:06,27.98,85.88,6.1,Sindhupalchowk
2025-02-12,09:53,29.35,82.18,4.1,Jumla
2025-02-04,11:35,28.98,81.50,4.4,Dailekh
2025-01-07,01:05,28.31,87.37,7.0,"Dinggye, China"
2025-01-03,02:18,29.57,82.19,4.4,Mugu
2025-01-03,02:44,28.54,84.13,4.1,Manang
2025-01-02,07:17,27.77,85.57,4.8,Sindhupalchok
2024-12-31,02:09,29.45,80.86,4.6,Baitadi
2024-12-26,00:48,29.07,82.32,4.2,Jajarkot
2024-12-24,15:40,30.04,80.85,4.0,Darchula
2024-12-20,22:29,29.37,81.64,5.2,Bajura
2024-12-19,01:52,28.55,84.15,4.7,"Neshyang, Manang"
2024-12-18,09:17,29.70,81.30,4.1,Bajhang
2024-12-17,11:23,29.71,81.30,4.3,Bajhang
2024-11-21,04:28,28.53,84.13,4.2,Around Annapurna II (Border of Kaski and Manang)
2024-11-07,14:11,27.85,86.15,4.6,Dolakha
2024-10-26,17:45,27.74,86.15,4.5,Dolakha
2024-09-22,08:24,29.49,80.82,4.0,Baitadi
2024-09-18,04:23,29.43,81.07,4.3,Bajhang
2024-08-29,13:49,29.54,81.30,4.3,Bajhang
2024-06-28,01:28,28.07,85.55,4.2,Sindhupalchok
2024-06-04,04:49,28.86,81.55,4.1,Dailekh
2024-03-17,03:59,28.05,85.26,4.0,Rasuwa
2024-03-11,11:12,29.51,81.45,4.3,Bajura
2024-03-09,01:45,28.44,84.08,4.0,Kaski
2024-02-19,23:13,27.66,86.23,4.1,Dolakha
2024-02-16,03:47,29.45,81.01,4.4,Bajhang
2024-01-12,17:47,29.55,81.09,4.4,Bajhang
2024-01-04,04:32,28.10,85.75,4.6,Sindhupalchowk
2023-12-31,16:36,27.94,85.84,5.0,Sindhupalchowk
2023-11-29,12:59,29.63,81.15,4.1,Bajhang
2023-11-22,19:34,27.67,81.18,4.5,Makawanpur
2023-11-20,05:52,29.61,81.27,4.5,Bajhang
2023-11-19,09:14,28.58,82.85,4.3,Rukum-East
2023-11-19,11:02,28.60,82.87,4.2,Rukum-East
2023-11-14,15:30,28.91,82.11,4.0,Jajarkot
2023-11-08,21:21,28.94,82.13,4.2,Jajarkot
2023-11-07,07:13,29:83,81:71,4.0,Bajura
2023-11-06,10:46,28.94,82.21,5.8,Jajarkot
2023-11-06,10:55,28.93,82.16,4.5,Jajarkot
2023-11-05,08:39,28.91,82.20,4.1,Jajarkot
2023-11-04,09:55,28.94,82.24,4.2,Jajarkot
2023-11-04,19:37,28.88,82.20,4.0,Jajarkot
2023-11-03,18:02,28.92,82.21,6.4,Jajarkot
2023-11-03,18:23,28.95,82.19,4.5,Jajarkot
2023-11-03,22:31,28.92,82.26,4.5,JaJarkot
2023-11-03,18:50,28.88,82.20,4.3,Jajarkot
2023-11-03,18:44,28.96,82.17,4.2,Jajarkot
2023-10-22,01:54,27.94,84.79,6.1,Dhading
2023-10-22,11:46,27.96,84.79,5.0,Dhading
2023-10-22,10:18,28.03,84.83,4.4,Dhading
2023-10-22,02:43,28.00,84.8,4.3,Dhading
2023-10-22,03:14,27.95,84.79,4.1,Dhading
2023-10-22,11:48,27.95,84.79,5.1,Dhading
2023-10-22,02:23,27.99,84.81,4.2,Dhading
2023-10-21,13:10,29.60,81.28,4.4,Bajhang
2023-10-18,16:18,29.62,81.19,4.6,Bajhang
2023-10-16,03:41,30.06,80.58,4.8,"Watan, India"
2023-10-12,18:46,28.48,83.21,4.4,Baglung
2023-10-12,20:06,29.49,81.25,5.0,Bajhang
2023-10-11,18:37,29.61,81.19,5.2,Bajhang
2023-10-07,06:47,29.61,81.24,4.3,Bajhang
2023-10-07,06:00,29.58,81.26,5.3,Bajhang
2023-10-06,06:58,29.77,81.24,4.2,Bajhang
2023-10-05,06:00,29.60,81.23,4.5,Bajhang
2023-10-05,17:06,29.60,81.23,4.5,Bajhang
2023-10-03,09:28,29.55,81.18,5.1,Bajhang
2023-10-03,22:42,29.41,81.26,4.3,Bajhang
2023-10-03,10:46,29.53,81.14,4.3,Bajhang
2023-10-03,11:53,29.65,81.27,5.0,Bajhang
2023-10-03,09:33,29.52,81.18,4.4,Bajhang
2023-10-03,23:58,29.63,81.20,4.3,Bajhang
2023-10-03,18:31,29.62,81.27,4.1,Bajhang
2023-10-03,10:00,29.58,81.10,4.1,Bajhang
2023-10-03,09:21,29.59,81.19,6.3,Bajhang
2023-10-03,10:43,29.59,81.28,4.1,Bajhang
2023-09-17,19:03,26.97,87.54,4.1,Panchthar
2023-08-31,19:26,27.37,87.06,4.0,Bhojpur
2023-07-19,04:08,28.43,83.99,4.0,Kaski
2023-07-13,05:32,27.95,81.78,4.6,Humla
2023-06-23,00:10,28.15,84.54,4.0,Lamjung
2023-06-19,23:10,29.78,80.92,4.0,Darchula
2023-06-12,01:53,29.72,81.61,4.4,Bajura
2023-05-23,22:21,29.66,81.61,4.5,Bajura
2023-05-22,13:09,29.68,81.61,4.1,Bajura
2023-05-20,21:14,28.62,82.84,4.1,Rukum East
2023-05-10,23:30,29.73,81.62,4.3,Bajura
2023-05-04,07:32,29.78,81.58,4.1,Bajura
2023-05-01,08:50,29.89,81.93,4.0,Humla
2023-04-28,03:40,29.74,81.63,4.1,Bajura
2023-04-27,18:13,29.75,81.56,4.9,Bajura
2023-04-27,19:45,29.78,81.61,5.9,Bajura
2023-04-23,07:45,29.38,81.34,4.1,Bajura
2023-04-11,13:05,28.17,84.74,4.1,Gorkha
2023-04-01,05:42,27.76,86.19,5.2,Dolakha
2023-03-31,21:34,28.12,84.90,4.1,Gorkha
2023-03-28,17:56,27.86,87.89,4.6,Taplejung
2023-03-26,16:42,29.42,81.66,4.3,Bajura
2023-03-24,04:06,29.64,81.89,4.5,Mugu
2023-03-13,13:11,28.95,81.68,4.1,Dailekh
2023-03-05,02:18,27.57,85.59,4.3,Kavrepalanchok
2023-03-05,02:50,29.29,81.40,4.4,Bajura
2023-03-01,11:57,27.82,88.02,4.0,Taplejung
2023-02-28,04:18,27.08,87.96,4.3,Ilam
2023-02-22,08:00,29.68,81.67,5.2,Bajura
2023-02-12,22:45,27.83,87.95,4.8,Taplejung
2023-02-10,03:07,28.80,82.53,4.2,Rukum West
2023-02-01,05:59,29.71,81.62,4.0,Bajura
2023-01-31,18:39,27.42,87.47,4.0,Taplejung
2023-01-25,19:22,29.64,81.68,4.1,Bajura
2023-01-24,08:58,29.75,81.70,5.9,Bajura
2023-01-21,22:53,27.80,85.81,4.2,Sindhupalchok
2022-12-27,21:43,28.45,83.09,4.0,Baglung
2022-12-27,20:22,28.36,83.19,5.3,Baglung
2022-12-27,19:38,28.45,83.14,4.7,Baglung
2022-12-23,01:30,29.10,83.30,4.6,Dolpa
2022-12-21,19:15,30.00,80.74,4.1,Darchula
2022-12-18,17:08,28.26,85.06,4.5,Dhading
2022-11-28,05:00,26.93,87.26,4.0,Dhankuta
2022-11-15,12:23,29.35,81.21,4.2,Achham
2022-11-12,14:27,29.45,81.19,5.4,Bajhang
2022-11-09,23:28,29.35,81.29,4.1,Bajura
2022-11-08,20:27,29.38,81.13,6.6,Doti
2022-11-08,15:22,29.38,81.11,5.7,Doti
2022-11-08,16:11,29.38,81.11,4.1,Doti
2022-10-30,03:41,29.60,81.04,4.6,Bajhang
2022-10-19,09:22,28.15,86.06,5.9,Sindhupalchowk/Tibet
2022-10-19,10:08,28.07,86.02,4.5,Sindhupalchowk/Tibet
2022-08-19,19:43,28.24,81.77,4.8,Banke
2022-08-18,16:58,27.97,85.54,4.2,Sindhupalchowk
2022-08-05,23:41,27.83,85.15,5.3,Nuwakot
2022-07-31,02:28,27.16,86.83,6.0,Khotang
2022-07-25,00:22,27.94,85.52,4.7,Sindhupalchowk
2022-07-17,22:46,29.41,81.34,4.1,Bajura
2022-07-10,14:04,29.82,80.76,4.2,Darchula
2022-07-02,09:47,27.66,86.20,4.1,Dolakha
2022-06-23,01:37,28.1,84.81,4.1,Gorkha
2022-06-22,22:11,28.33,83.86,4.9,Kaski
2022-06-10,20:51,27.70,85.41,4.7,Bhaktapur
2022-06-07,07:05,29.61,80.51,4.0,Baitadi
2022-05-23,09:15,27.31,87.94,4.1,Taplejung
2022-05-23,09:24,27.3,87.73,4.3,Taplejung
2022-05-04,04:12,29.35,82.04,4.1,Jumla
2022-04-19,00:18,29.58,81.00,4.1,Bajhang
2022-03-23,10:54,27.90,87.86,4.2,Taplejung
2022-02-22,10:07,29.70,80.71,4.1,Darchula
2022-01-26,11:09,27.9,84.57,4.1,Gorkha
2022-01-21,00:58,27.98,85.58,4.1,Sindhupalchowk
2022-01-06,18:29,28.68,82.97,4.2,Rukum East
2022-01-05,10:31,27.67,86.32,4.2,Dolakha
2021-11-09,08:43,27.87,85.92,4.1,Sindhupalchok
2021-10-25,14:45,28.29,84.36,4.1,Lamjung
2021-10-18,08:11,27.92,85.81,4.7,Sindhupalchowk
2021-10-18,09:35,27.85,85.81,4.1,Sindhupalchok
2021-10-18,08:01,27.92,85.8,4.7,Sindhupalchok
2021-10-18,09:38,27.86,85.82,4.0,Sindhupalchok
2021-10-16,22:24,28.18,84.93,4.3,Gorkha
2021-10-02,14:28,27.91,85.81,4.1,Sindhupalchok
2021-10-02,14:13,27.92,85.81,4.6,Sindhupalchok
2021-10-01,07:09,27.71,85.92,4.2,Sindhupalchok
2021-09-25,06:27,27.91,85.80,4.5,Sindhupalchok
2021-09-20,10:45,29.89,80.59,4.2,Darchula
2021-09-12,14:56,27.64,86.1,4.3,Dolakha
2021-08-23,20:38,29.61,81.01,4.0,Bajhang
2021-08-12,04:09,26.98,86.69,4.3,Udayapur
2021-07-23,13:12,27.28,86.9,4.2,Khotang
2021-07-18,15:14,28.98,81.47,4.3,Dailekh
2021-07-07,10:12,28.13,84.56,4.2,Lamjung
2021-07-02,16:17,29.79,81.59,4.1,Bajura
2021-06-29,08:35,27.30,87.26,4.0,Sankhuwasabha
2021-05-19,02:31,28.26,84.35,4.0,Lamjung
2021-05-19,15:38,28.27,84.42,4.0,Lamjung
2021-05-19,16:54,28.24,84.41,4.5,Lamjung
2021-05-19,02:41,28.27,84.40,5.3,Lamjung
2021-05-19,02:32,28.26,84.36,4.1,Lamjung
2021-05-18,23:57,28.28,84.39,5.8,Lamjung
2021-04-05,15:19,26.75,89.09,5.8,"Binnaguri, India"
2021-03-18,04:20,27.5,85.63,4.1,Kavrepalanchok
2021-03-03,12:58,27.79,86.35,4.2,Dolakha
2021-02-09,01:50,27.89,87.91,5.4,Taplejung
2021-02-04,22:13,27.78,88.15,4.5,Taplejung
2021-02-02,16:14,28.78,84.10,5.3,Manang
2021-01-14,11:40,27.66,86.18,4.0,Dolakha
2021-01-12,04:03,29.89,80.70,4.2,Darchula
2021-01-03,04:59,27.66,87.62,4.4,Taplejung
2020-12-29,20:04,27.66,86.34,4.6,Ramechhap
2020-12-08,13:23,27.77,87.86,4.2,Taplejung
2020-12-02,07:57,27.75,85.87,4.2,Sindhupalchok
2020-11-08,21:44,27.73,87.87,4.9,Taplejung
2020-10-28,18:34,29.58,80.81,4.2,Bajhang
2020-10-24,10:32,27.62,86.24,4.0,Dolakha
2020-09-15,23:34,27.77,85.88,6.0,Sindhupalchok
2020-09-11,03:45,26.76,88.21,5.0,Jhapa/India
2020-09-09,10:03,27.92,84.94,4.0,Dhading
2020-09-04,01:35,27.58,87.19,4.0,Sankhuwasabha
2020-08-25,15:24,29.59,80.89,4.7,Bajhang
2020-08-15,10:22,27.8,87.62,4.2,Sankhuwasabha
2020-06-16,04:08,27.88,86.20,4.1,Dolakha
2020-05-30,15:51,27.85,84.93,4.8,Dhading
2020-05-26,10:15,29.73,82.01,4.2,Humla
2020-05-12,18:08,27.65,86.15,5.3,Dolakha
2020-04-15,19:10,27.55,86.59,4.7,Solukhumbu
2020-04-02,15:10,29.58,80.96,4.0,Bajhang
2020-03-25,12:51,28.01,84.97,4.0,Dhading
2020-03-15,15:00,28.34,83.80,5.0,Kaski
2020-03-04,13:32,27.79,86.18,4.3,Dolakha
2020-02-19,15:28,29.71,81.96,4.3,Bajura
2020-01-28,02:14,29.61,81.71,4.2,Bajura
2020-01-12,20:22,29.59,81.73,4.2,Bajura
2020-01-12,14:34,29.58,81.71,4.5,Bajura
2019-12-12,13:26,27.95,85.59,4.8,Sindhupalchok
2019-11-27,16:23,27.79,85.79,5.0,Sindhupalchok
2019-11-19,13:30,29.42,81.10,5.7,Bajhang
2019-11-12,02:00,30.20,80.10,4.6,India
2019-10-31,22:06,28.45,83.23,4.5,Baglung
2019-10-28,13:42,29.66,82.04,4.1,Mugu
2019-10-22,05:21,26.88,86.59,4.1,Udayapur
2019-10-20,19:24,27.82,87.98,4.2,Taplejung
2019-09-29,01:42,28.66,83.06,4.4,Rukum East
2019-09-28,04:58,30.0,81.45,4.3,Bajhang
2019-09-26,13:04,28.28,84.65,4.7,Lamjung
2019-09-25,19:33,27.71,86.32,4.0,Dolakha
2019-09-22,16:16,28.25,84.49,4.4,Lamjung
2019-09-21,00:34,28.15,84.61,4.0,Gorkha
2019-09-17,04:08,28.21,84.49,4.5,Lamjung
2019-09-16,14:33,29.80,80.48,4.4,Darchula-India Border
2019-09-15,05:09,30.30,81.74,5.0,Humla
2019-08-22,01:22,27.52,86.39,4.0,Solukhumbu
2019-08-14,17:24,27.69,86.26,4.3,Dolakha
2019-08-09,12:41,28.50,83.22,4.7,Baglung
2019-07-24,12:13,27.80,86.15,4.2,Dolakha
2019-07-06,10:30,27.67,85.42,4.6,Bhaktapur
2019-06-27,16:36,27.95,84.80,4.0,Dhading
2019-06-15,15:47,28.95,81.98,4.5,Jajarkot
2019-06-14,06:37,29.52,81.05,4.0,Bajhang
2019-05-30,04:16,29.62,82.11,4.6,Mugu
2019-05-25,15:23,29.50,81.28,4.3,Bajhang
2019-05-25,05:17,27.70,86.47,4.9,Ramechhap
2019-05-21,18:02,28.21,84.37,4.1,Lamjung
2019-05-17,08:23,27.85,84.87,5.0,Dhading
2019-05-11,18:51,28.98,81.78,5.1,Dailekh
2019-05-04,02:52,27.94,85.72,4.0,Sindhupalchowk
2019-04-29,05:50,27.93,85.94,4.0,Sindhupalchowk
2019-04-24,00:55,27.70,85.14,4.3,Dhading
2019-04-24,00:44,27.69,85.17,5.2,Dhading
2019-04-16,06:50,28.00,84.76,4.5,Gorkha
2019-04-14,22:42,29.49,81.24,4.8,Bajhang
2019-04-13,04:40,28.03,85.38,4.6,Rasuwa
2019-04-09,07:20,27.76,86.27,4.2,Dolakha
2019-04-01,15:02,28.98,81.69,4.1,Dailekh
2019-03-18,03:16,27.63,85.16,4.1,Makawanpur
2019-02-26,10:35,27.84,85.95,4.1,Sindhupalchok
2019-02-26,10:30,27.66,86.00,4.4,Dolakha
2019-02-16,14:49,27.68,85.27,4.0,Kathmandu
2019-02-14,11:26,27.81,88.18,4.6,Taplejung
2019-01-22,16:45,27.09,86.96,4.5,Bhojpur
2019-01-10,05:49,27.60,86.31,4.5,Ramechhap
2018-12-22,23:21,27.85,85.76,4.7,Sindhupalchok
2018-10-25,01:22,27.72,86.02,4.0,Dolakha
2018-10-06,05:07,28.94,81.72,4.3,Dailekh
2018-10-05,16:00,28.93,81.70,4.0,Dailekh
2018-10-05,07:08,28.94,81.74,4.0,Dailekh
2018-09-19,19:57,28.57,82.88,4.0,Rukum East
2018-08-29,17:50,27.79,87.41,4.2,Sankhuwasabha
2018-08-24,12:31,27.50,88.04,4.5,Taplejung
2018-08-02,08:47,27.66,86.10,4.2,Dolakha
2018-07-24,11:59,27.94,85.51,4.3,Sindhupalchok
2018-07-24,02:45,27.75,84.87,4.8,Dhading
2018-07-18,05:30,29.02,81.51,4.2,Dailekh
2018-07-17,17:07,27.82,84.81,4.4,Dhading
2018-07-13,03:13,29.57,81.56,4.1,Bajura
2018-07-05,01:36,28.11,85.04,4.1,Dhading
2018-06-28,04:07,27.87,84.91,5.0,Dhading
2018-06-20,04:15,27.31,87.9,4.7,Taplejung
2018-06-20,04:09,27.36,88.01,4.8,Taplejung
2018-06-05,01:34,29.68,81.65,4.9,Bajura
2018-06-01,15:22,27.68,86.11,4.3,Dolakha
2018-05-31,20:32,28.17,84.89,4.1,gorkha
2018-05-31,16:00,28.90,81.77,4.3,Dailekh
2018-05-24,14:25,29.98,80.54,4.6,Dharchula
2018-05-05,15:04,27.74,88.13,4.4,Taplejung
2018-03-02,05:06,27.70,86.33,4.6,Dolakha
2018-02-26,19:00,27.7,86.33,4.7,Dolakha
2018-02-21,15:59,28.07,85.96,4.3,Tibet
2018-01-19,02:53,27.72,86.01,4.3,Dolakha
2017-12-28,7:45,29.82,80.76,4.5,Darchula
2017-12-18,11:33,27.96,85.68,4.2,Sindhupalchowk
2017-12-08,02:51,27.63,86.19,5.2,Dolakha
2017-11-06,03:09,29.78,81.28,4.5,Bajhang
2017-10-26,12:51,29.08,81.45,4.0,Achham
2017-10-15,11:17,28.50,83.32,4.2,Myagdi
2017-10-02,01:22,28.83,82.55,4.1,Rukum
2017-09-21,07:19,27.62,86.25,4.6,Dolakha
2017-08-24,10:40,28.06,85.94,4.8,Sindhupalchok-Tibet border
2017-08-22,12:50,29.41,81.10,4.9,Bajhang
2017-08-21,12:03,27.66,86.27,4.6,Dolakha
2017-07-24,04:44,27.56,85.96,4.0,Ramechhap
2017-07-15,4:35,28.94,81.75,4.0,Dailekh
2017-07-02,01:58,27.34,86.49,5.1,Okhaldhunga
2017-06-28,18:24,27.66,86.41,4.2,Ramechhap
2017-06-14,3:42,27.88,88.13,4.1,Taplejung
2017-06-12,11:54,27.62,86.1,4.1,Dolakha
2017-05-30,5:38,29.64,80.97,4.1,Bajhang
2017-04-24,11:19,27.86,85.77,4.2,Sindhupalchowk
2017-04-24,03:04,29.75,81.31,4.1,Bajhang
2017-03-10,01:43,30.37,81.57,4.1,Humla
2017-02-27,04:21,27.38,86.13,4.7,Ramechhap
2017-02-27,03:37,27.36,86.12,4.6,Ramechhap
2017-02-18,00:15,27.79,84.8,4.0,Dhading
2017-02-10,11:13,29.88,80.61,4.1,Darchula
2017-02-04,12:13,27.73,86.08,4.4,Dolakha
2017-01-03,06:41,29.71,81.57,4.0,Bajura
2016-11-28,23:35,27.79,86.58,5.6,Solukhumbu
2016-11-06,04:02,29.69,81.05,4.0,Bajhang
2016-10-17,04:18,27.87,85.3,4.0,Nuwakot
2016-10-15,12:37,28.04,85.17,4.1,Rasuwa
2016-10-12,08:29,27.66,85.95,4.1,Dolakha
2016-10-11,07:08,27.67,85.95,4.6,Dolakha
2016-10-07,04:52,27.65,86.13,4.2,Dolakha
2016-09-18,17:12,27.91,85.77,4.6,Sindhupalchowk
2016-09-05,00:37,27.82,86.14,4.1,Dolakha
2016-09-05,02:04,27.78,86.35,4.5,Dolakha
2016-08-27,12:03,29.81,81.56,4.0,Bajhang
2016-07-23,06:14,27.99,84.71,4.1,Gorkha
2016-07-08,22:23,27.84,86.16,4.1,Dolakha
2016-07-07,11:53,27.92,85.66,4.4,Sindhupalchowk
2016-07-07,08:59,28.31,84.35,4.3,Lamjung
2016-07-02,12:23,29.64,81.28,4.4,Bajhang
2016-06-29,09:26,29.63,81.24,4.2,Bajhang
2016-06-29,09:10,29.63,81.28,5.0,Bajhang
2016-06-22,13:00,27.76,86.34,4.1,Dolakha
2016-06-21,05:49,27.93,85.21,4.4,Nuwakot
2016-06-14,23:27,28.03,84.64,4.3,Gorkha
2016-06-03,23:25,27.96,85.62,4.4,Sindhupalchowk
2016-05-28,09:39,27.94,85.50,4.6,Sindhupalchok
2016-05-24,19:09,27.73,85.16,4.2,Dhading
2016-05-15,22:45,27.93,85.50,4.4,Sindhupalchowk
2016-05-14,23:20,27.97,85.55,4.3,Sindhupalchowk
2016-05-13,19:24,27.69,86.24,4.1,Dolakha
2016-05-11,01:19,28.01,84.94,4.4,Dhading
2016-05-11,08:52,28.01,84.68,4.5,Gorkha
2016-05-05,04:46,28.24,84.99,4.1,Dhading
2016-05-04,5:32,29.38,81.88,4.0,Kalikot
2016-04-30,6:43,29.54,81.10,4.2,Bajhang
2016-04-26,09:33,28.05,85.38,4.3,Rasuwa
2016-04-24,20:31,28.08,85.13,4.2,Nuwakot
2016-04-22,06:56,27.72,86.29,4.0,Dolakha
2016-04-22,11:04,27.79,85.85,4.0,Sindhupalchowk
2016-04-12,14:41,27.56,86.17,4.4,Dolakha
2016-04-09,13:20,27.65,85.31,4.5,Lalitpur
2016-04-04,03:53,29.81,81.51,4.3,Bajhang
2016-04-04,04:31,27.72,86.09,4.7,Dolakha
2016-03-31,22:41,27.93,85.59,4.1,Sindhupalchowk
2016-03-30,12:26,27.89,85.73,4.7,Sindhupalchowk
2016-03-24,23:41,27.75,88.04,4.1,Taplejung
2016-03-17,05:14,27.34,86.27,4.0,Okhaldhunga
2016-03-15,21:27,27.84,85.73,4.5,Sindhupalchowk
2016-03-13,05:15,27.83,84.9,4.8,Dhading
2016-03-11,09:28,27.9,85.87,4.2,Sindhupalchowk
2016-03-07,8:05,30.22,81.7,4.0,Humla
2016-03-06,01:25,27.69,85.93,4.0,Sindhupalchowk
2016-03-01,10:45,27.79,85.73,4.3,Sindhupalchowk
2016-02-24,09:22,27.80,85.74,5.4,Sindhupalchok
2016-02-23,3:00,27.47,87.15,4.5,Sankhuwasava
2016-02-21,18:09,28.08,84.76,5.5,Gorkha
2016-02-20,22:09,27.86,85.29,4.1,Nuwakot
2016-02-13,14:37,27.81,85.72,4.3,Sindhupalchowk
2016-02-10,16:27,27.84,85.71,4.6,Sindhupalchowk
2016-02-05,16:20,27.95,85.52,5.5,Sindhupalchowk
2016-01-27,8:42,27.83,85.83,4.4,Sindhupalchowk
2016-01-27,14:57,26.68,86.27,4.2,Siraha
2016-01-22,19:22,28.06,85.09,4.6,Nuwakot
2016-01-15,13:05,27.63,86.25,4.1,Dolakha
2016-01-15,17:14,27.65,86.23,4.3,Dolakha
2016-01-09,17:43,27.48,86.01,4.4,Ramechhap
2016-01-04,13:02,27.75,86.12,4.1,Dolakha
2016-01-02,21:30,28.01,85.80,4.2,Sindhupalchowk
2015-12-31,01:56,27.86,85.72,4.3,Sindhupalchowk
2015-12-28,22:07,27.70,86.12,4.2,Dolakha
2015-12-26,04:48,29.35,81.29,4.1,Bajura
2015-12-23,03:14,27.79,86.08,4.1,Dolakha
2015-12-18,10:16,29.44,81.69,5.5,Bajura
2015-12-13,03:00,28.04,85.02,4.1,Dhading
2015-12-07,01:42,27.86,86.19,4.0,Dolakha
2015-11-30,00:25,27.78,85.39,4.1,Kathmandu
2015-11-27,09:38,27.63,85.53,4.1,kavrepalanchok
2015-11-27,10:37,27.11,87.95,4.6,Panchthar
2015-11-25,18:57,27.87,85.77,4.1,Sindhupalchowk
2015-11-24,12:24,28.15,84.81,4.4,Gorkha
2015-11-24,11:15,27.87,85.29,4.0,Nuwakot
2015-11-22,01:26,28.43,83.30,4.1,Myagdi
2015-11-20,08:00,28.35,83.36,4.0,Baglung
2015-11-19,04:15,27.89,85.75,5.3,Sindupalchok
2015-11-19,11:59,27.77,85.88,4.0,Sindhupalchok
2015-11-17,13:10,28.02,85.28,4.3,Rasuwa
2015-11-12,10:00,27.99,85.65,4.2,Sindupalchok
2015-10-31,03:43,28.03,85.23,4.3,Rasuwa
2015-10-17,18:01,27.80,86.30,4.2,Dolakha
2015-10-16,08:43,27.71,86.16,4.2,Dolakha
2015-10-08,16:13,27.96,85.54,4.1,Sindupalchowk
2015-10-08,07:15,27.57,85.31,4.0,Lalitpur
2015-10-07,23:30,27.68,86.08,4.2,Dolakha
2015-10-06,12:02,27.69,86.09,4.2,Dolakha
2015-10-05,07:36,27.71,86.10,4.2,Dolakha
2015-10-05,07:33,27.71,86.15,4.8,Dolakha
2015-09-29,10:54,27.77,85.87,4.6,Sindhupalchowk
2015-09-29,09:27,29.83,80.60,4.6,Darchula
2015-09-22,06:32,27.74,85.07,4.5,Dhading
2015-09-20,22:20,27.76,86.37,4.0,Dolakha
2015-09-16,14:52,27.60,86.19,4.2,Dolakha
2015-09-09,12:38,27.82,86.24,4.0,Dolakha
2015-09-03,23:25,27.75,86.01,4.3,Sindhupalchowk
2015-09-02,23:06,27.64,86.19,4.4,Dolakha
2015-08-31,17:48,27.92,85.69,4.2,Sindhupalchowk
2015-08-30,21:24,27.92,84.94,4.3,Dhading
2015-08-30,02:41,27.66,86.23,4.1,Dolakha
2015-08-30,13:17,27.72,85.75,5.0,Sindhupalchowk
2015-08-27,00:22,28.12,84.89,4.1,Gorkha
2015-08-27,19:06,27.85,85.74,4.2,Sindhupalchowk
2015-08-26,07:46,30.11,81.53,4.1,Humla
2015-08-25,09:23,27.68,86.22,4.0,Dolakha
2015-08-23,09:02,27.87,86.17,5.1,Dolakha
2015-08-21,06:36,27.96,85.48,4.0,Nuwakot
2015-08-20,06:02,28,85.29,4.6,Rasuwa
2015-08-18,22:23,27.93,86.14,4.8,Dolakha
2015-08-15,18:11,27.71,86.05,4.8,Dolakha
2015-08-15,04:25,27.87,86.08,4.1,Dolakha
2015-08-14,13:02,27.59,85.97,4.3,Dolakha
2015-08-13,20:04,27.72,85.20,4.0,Dhading
2015-08-11,04:57,27.70,85.29,4.3,Kathmandu
2015-08-10,22:30,28.14,84.72,4.9,Gorkha
2015-08-09,06:36,30.1,81.85,4.0,Humla
2015-08-09,02:10,27.94,85.52,4.1,Sindupalchok
2015-08-08,15:40,27.69,86.26,4.1,Dolakha
2015-08-08,00:39,27.77,85.7,4.0,Sindupalchok
2015-08-07,06:12,27.50,85.50,4.4,Kavrepalanchok
2015-08-06,14:51,27.86,85.76,4.1,Sindupalchok
2015-08-05,11:53,27.63,86.07,4.1,Dolakha
2015-08-05,08:14,27.64,86.07,4.3,Dolakha
2015-08-01,01:37,27.81,85.71,4.2,Sindhupalchok
2015-07-30,14:33,27.66,86.09,4.5,Dolakha
2015-07-28,15:38,27.59,86.17,4.1,Dolakha
2015-07-28,12:53,27.68,86.04,4.0,Dolakha
2015-07-28,03:36,27.80,85.75,4.1,Sindhupalchok
2015-07-27,12:38,27.94,85.48,4.2,Nuwakot
2015-07-26,04:18,27.85,85.75,4.0,Sindhupalchok
2015-07-26,03:45,27.68,86.22,4.1,Dolakha
2015-07-25,14:19,27.66,86.00,4.5,Dolakha
2015-07-25,18:20,27.61,86.28,4.3,Dolakha
2015-07-22,16:29,27.70,85.32,4.6,Kathmandu
2015-07-21,02:24,27.86,86.39,4.3,Dolakha
2015-07-17,23:24,28.18,84.74,4.0,Gorkha
2015-07-15,02:29,29.80,80.73,4.1,Darchula
2015-07-13,11:54,27.63,86.09,4.2,Dolakha
2015-07-13,10:16,28.06,85.34,4.0,Rasuwa
2015-07-11,20:43,27.8,86.23,4.4,Dolakha
2015-07-09,12:14,27.89,85.73,4.4,Sindhupalchok
2015-07-08,04:34,27.60,86.23,4.1,Dolakha
2015-07-08,04:10,27.92,85.68,4.2,Sindhupalchok
2015-07-07,09:31,29.69,81.74,4.6,Humla
2015-07-07,03:21,28.48,83.13,4.2,Baglung
2015-07-06,05:03,27.69,86.20,4.3,Dolakha
2015-07-06,15:29,27.96,85.75,4.4,Sindhupalchok
2015-07-05,19:42,27.86,85.87,4.4,Sindhupalchok
2015-07-05,04:22,27.67,86.20,4.2,Dolakha
2015-07-04,20:04,27.73,85.00,4.6,Dhading
2015-07-02,01:56,27.97,85.62,5.0,Sindhupalchowk
2015-07-02,23:41,27.67,85.54,4.1,Kavrepalanchok
2015-07-01,09:39,28.06,85.14,4.0,Nuwakot
2015-07-01,03:27,27.71,86.12,4.0,Dolakha
2015-07-01,21:48,27.80,85.74,4.0,Sindhupalchowk
2015-06-30,21:46,27.55,85.79,4.4,Kavrepalanchok
2015-06-29,17:49,27.93,85.64,4.0,Sindhupalchowk
2015-06-29,17:42,27.92,85.68,4.1,Sindhupalchowk
2015-06-29,23:57,27.35,86.20,5.0,Ramechhap
2015-06-28,16:16,27.92,85.66,4.3,Sindhupalchok
2015-06-26,12:17,27.74,86.28,4.2,Dolakha
2015-06-26,09:00,27.58,85.39,4.1,Lalitpur
2015-06-25,18:06,27.94,85.49,4.2,Sindhupalchok
2015-06-25,18:04,27.66,86.21,4.1,Dolakha
2015-06-25,15:22,27.78,85.17,4.3,Nuwakot
2015-06-24,09:14,27.85,85.75,4.0,Sindhupalchowk
2015-06-22,07:34,27.67,86.17,4.0,Dolakha
2015-06-21,13:41,27.80,86.00,4.3,Sindupalchok
2015-06-20,20:55,28.17,84.94,4.2,Gorkha
2015-06-20,12:23,28.65,82.76,5.4,Rukum
2015-06-19,20:05,28.26,84.92,4.0,Gorkha
2015-06-18,02:39,28.14,85.11,4.1,Dhading
2015-06-17,02:15,28.27,85.94,5.1,Tibet
2015-06-17,00:13,27.68,85.28,4.4,Kathmandu
2015-06-17,00:29,27.91,85.59,5.2,Sindhupalchok
2015-06-17,00:41,27.9,85.58,4.0,Sindhupalchok
2015-06-16,16:11,27.7,86.16,4.1,Dolakha
2015-06-15,10:07,27.87,85.72,4.1,Sindhupalchowk
2015-06-14,09:16,27.74,86.26,4.1,Dolakha
2015-06-14,00:14,27.8,85.15,4.2,Nuwakot
2015-06-13,01:18,27.73,86.16,5.2,Dolakha
2015-06-12,04:34,27.67,86.09,4.4,Dolakha
2015-06-12,19:37,28.21,84.81,4.6,Gorkha
2015-06-11,18:41,27.67,86.07,4.0,Dolakha
2015-06-11,04:17,27.8,85.78,4.6,Sindhupalchowk
2015-06-11,16:12,27.96,85.73,5.3,Sindhupalchowk
2015-06-10,07:51,27.8,85.61,4.3,Sindhupalchowk
2015-06-10,21:05,27.87,85.81,4.1,Sindhupalchowk
2015-06-10,09:06,27.62,86.1,4.2,Dolakha
2015-06-07,05:17,27.9,85.64,4.6,Sindhupalchowk
2015-06-07,16:50,27.87,86.13,4.1,Dolakha
2015-06-06,17:00,27.58,86.18,4.0,Dolakha
2015-06-06,20:48,28.26,85.86,4.2,Tibet
2015-06-05,08:31,27.7,85.22,4.0,Kathmandu
2015-06-05,04:17,27.79,85.78,4.1,Sindhupalchowk
2015-06-04,10:30,27.76,86.2,4.0,Dolakha
2015-06-03,11:53,27.7,86.26,4.5,Dolakha
2015-06-03,08:54,27.76,86.07,4.2,Dolakha
2015-06-03,07:52,27.79,85.87,4.5,Sindhupalchowk
2015-06-03,21:00,27.84,85.78,4.1,Sindhupalchowk
2015-06-02,05:03,27.78,86.2,4.0,Dolakha
2015-06-02,08:33,30,81.75,4.7,Humla
2015-06-01,22:50,27.98,85.51,4.0,Sindhupalchowk
2015-05-31,01:54,28.29,84.46,4.2,Lamjung
2015-05-30,10:13,27.79,85.17,4.5,Nuwakot
2015-05-30,8:35 PM,28.01,85.19,4.0,Rasuwa
2015-05-30,1:52 AM,27.75,85.21,4.0,Dhading
2015-05-29,12:37,27.82,86.34,4.2,Dolakha
2015-05-29,05:20,28.07,84.94,4.2,Dhading
2015-05-29,8:30 AM,28.17,84.72,4.0,Gorkha
2015-05-29,12:30,28.01,84.84,4.8,Dhading
2015-05-29,03:44,28,84.98,5.2,Dhading
2015-05-28,3:07 AM,27.99,84.79,4.0,Dhading
2015-05-28,03:40,27.95,84.8,4.0,Dhading
2015-05-28,05:12,27.64,85.31,4.0,Lalitpur
2015-05-28,05:29,27.77,86.25,4.2,Dolakha
2015-05-28,11:36,27.59,86.19,4.2,Dolakha
2015-05-28,12:14,27.59,86.16,4.1,Dolakha
2015-05-28,10:16,27.94,85.54,4.0,Sindhupalchowk
2015-05-27,12:03,27.59,86.2,4.2,Dolakha
2015-05-27,01:15,27.91,85.53,4.5,Sindhupalchowk
2015-05-27,01:16,27.89,85.53,4.6,Sindhupalchowk
2015-05-27,10:29,28.04,85.13,4.2,Nuwakot
2015-05-26,02:11,27.84,86.24,4.3,Dolakha
2015-05-26,05:48,27.63,86.3,4.1,Dolakha
2015-05-26,06:39,27.71,86.05,4.1,Dolakha
2015-05-26,08:00,27.54,85.43,4.3,Lalitpur
2015-05-26,10:52,28.02,85.26,5.0,Rasuwa
2015-05-25,10:16 PM,27.74,86.19,4.0,Dolakha
2015-05-25,11:00,27.71,86.07,4.1,Dolakha
2015-05-25,03:23,28.01,84.68,5.0,Gorkha
2015-05-24,07:06,27.67,86.18,4.2,Dolakha
2015-05-24,10:38,27.76,86.28,4.4,Dolakha
2015-05-24,11:46,27.84,86.00,4.2,Sindhupalchowk
2015-05-24,12:55,27.8,86.29,4.4,Dolakha
2015-05-24,11:15,27.76,86.26,4.3,Dolakha
2015-05-23,10:26,27.9,85.51,4.4,Sindhupalchok
2015-05-23,01:14,27.74,86.2,4.2,Dolakha
2015-05-22,02:45,27.79,85.14,4.2,Nuwakot
2015-05-22,04:44,28.05,85.08,4.8,Nuwakot
2015-05-22,05:30,27.63,86.25,4.1,Dolakha
2015-05-22,06:49,27.78,85.93,4.0,Sindhupalchowk
2015-05-22,08:44,27.69,86.16,4.2,Dolakha
2015-05-22,07:07,30.31,81.47,4.8,Humla
2015-05-21,07:30,28.02,84.98,4.0,Dhading
2015-05-21,2:56 PM,27.93,85.46,4.0,Nuwakot
2015-05-21,02:11,27.85,86.32,4.2,Dolakha
2015-05-20,11:10,27.84,86.33,4.2,Dolakha
2015-05-20,02:47,27.52,85.26,4.4,Lalitput
2015-05-19,04:44,27.92,86.04,4.2,Sindhupalchowk/Tibet
2015-05-19,11:29,27.9,85.99,4.0,Sindhupalchowk
2015-05-19,04:34,27.66,86.03,4.3,Dolakha
2015-05-18,11:24 AM,27.69,86.26,4.0,Dolakha
2015-05-18,09:11,27.71,86.07,4.2,Dolakha
2015-05-17,05:00,27.73,86.06,4.4,Dolakha
2015-05-17,11:30,27.48,85.87,4.6,Ramechhap
2015-05-17,08:40,27.84,86.24,4.4,Dolakha
2015-05-16,2:15,28.07,84.7,4.0,Gorkha
2015-05-16,06:11,27.97,85.48,4.0,Nuwakot
2015-05-16,6:31,28.13,84.89,4.0,Gorkha
2015-05-16,09:24,27.70,85.85,4.2,Sindhupalchowk
2015-05-16,09:35,27.45,85.31,4.2,Lalitpur
2015-05-16,08:44,27.64,86.14,4.3,Dolakha
2015-05-16,05:19,27.60,86.26,5.5,Dolakha
2015-05-16,04:28,28.07,84.70,4.1,Dolakha
2015-05-16,04:38,27.66,86.09,4.1,Dolakha
2015-05-15,3:38,27.63,86.25,4.1,Dolakha
2015-05-15,4:06,27.69,86.08,4.3,Dolakha
2015-05-15,7:27,27.93,84.84,5.5,Dhading
2015-05-15,10:51,27.92,84.84,4.0,Dhading
2015-05-15,3:09,27.61,86.2,4.5,Dolakha
2015-05-15,10:58,27.74,86.17,4.0,Dolakha
2015-05-14,12:16,27.92,86.31,4.3,Dolakha
2015-05-14,3:13,27.66,86.07,4.1,Dolakha
2015-05-14,3:23,27.67,86.08,5.0,Dolakha
2015-05-14,8:52,27.8,85.82,4.0,Sindupalchok
2015-05-14,9:06,27.83,86.15,4.5,Dolakha
2015-05-14,3:20,27.62,86.09,4.2,Dolakha
2015-05-14,7:43,27.75,86.14,4.0,Dolakha
2015-05-14,8:21,28.06,85.35,4.5,Rasuwa
2015-05-14,8:50,27.71,86.04,4.0,Dolakha
2015-05-14,9:40,27.84,85.84,4.0,Sindhupalchowk
2015-05-13,10:33,27.79,86.19,4.6,Dolakha
2015-05-13,8:28,27.75,86.25,4.4,Dolakha
2015-05-13,8:08,27.65,86.18,4.4,Dolakha
2015-05-13,3:42,27.85,85.92,4.2,Sindhupalchok
2015-05-13,4:38,27.82,86.47,4.3,Dolakha
2015-05-13,3:10,27.91,84.82,5.9,Dhading
2015-05-13,2:07,27.68,85.3,4.2,Kathmandu
2015-05-13,12:11,27.69,86.11,4.7,Dolakha
2015-05-13,12:22,27.79,86.07,4.8,Dolakha
2015-05-13,12:34,27.84,86.25,4.6,Dolakha
2015-05-13,9:36,27.7,86.15,4.1,Dolakha
2015-05-13,9:21,27.64,85.7,4.0,Kavrepalanchok
2015-05-13,4:44,27.63,86.17,4.5,Dolakha
2015-05-13,3:37,27.85,86.29,4.0,Dolakha
2015-05-13,2:30,27.6,86.16,4.3,Dolakha
2015-05-13,12:38,27.68,86.17,5.1,Dolakha
2015-05-12,1:51,27.8,85.94,5.1,Sindhupalchok
2015-05-12,14:06,27.66,86.17,5.2,Dolakha
2015-05-12,14:09,27.79,86.11,5.0,Dolakha
2015-05-12,14:19,27.88,85.94,4.8,Sindhupalchok
2015-05-12,14:20,27.68,86.23,4.7,Dolakha
2015-05-12,14:24,27.69,86.21,4.7,Dolakha
2015-05-12,14:47,27.80,86.12,4.7,Dolakha
2015-05-12,1:46,27.68,86.04,4.3,Dolakha
2015-05-12,1:33,27.63,86.17,4.8,Dolakha
2015-05-12,1:28,27.69,86.24,5.0,Dolakha
2015-05-12,1:02,27.84,86.17,5.8,Dolakha
2015-05-12,2:44,27.76,86.31,5.3,Dolakha
2015-05-12,1:58,27.8,85.83,5.3,Sindhupalchok
2015-05-12,07:36,27.73,86.21,6.2,Dolakha
2015-05-12,07:05,27.82,86.12,6.9,Dolakha
2015-05-12,2:08,28.16,84.9,4.1,Gorkha
2015-05-12,12:07,28.10,84.91,4.0,Dhading
2015-05-12,02:44,27.76,86.31,5.3,Dolakha
2015-05-12,3:29,27.8,85.95,4.2,Sindhupalchok
2015-05-12,11:13,27.58,86.41,4.3,Solukhumbu
2015-05-12,10:17,27.68,86.04,4.2,Dolakha
2015-05-12,6:47,27.89,85.88,4.4,Sindhupalchok
2015-05-12,9:13,27.97,86.45,4.1,Tibet
2015-05-12,8:44,28.03,86.36,4.1,Tibet
2015-05-12,17:42,27.84,86.23,4.4,Dolakha
2015-05-12,7:28,27.78,85.85,4.3,Sindhupalchok
2015-05-12,6:53,27.72,85.97,4.0,Dolakha
2015-05-12,6:13,27.7,86.04,4.7,Dolakha
2015-05-12,5:43,27.71,86.00,4.3,Dolakha
2015-05-12,5:06,27.72,86.2,4.6,Dolakha
2015-05-12,4:51,27.62,86.16,4.7,Dolakha
2015-05-12,4:26,27.76,86.24,4.4,Dolakha
2015-05-12,4:20,27.73,86.11,5.0,Dolakha
2015-05-12,4:16,27.69,86.05,4.2,Dolakha
2015-05-12,4:00,27.57,86.29,4.8,Ramechhap
2015-05-12,3:49,27.68,86.03,4.4,Dolakha
2015-05-11,8:35,27.99,85.86,4.2,Sindhupalchowk
2015-05-11,11:54,27.91,85.75,4.0,Sindhupalchowk
2015-05-10,3:23,27.65,85.56,4.2,Kavrepalanchok
2015-05-10,11:08,28.02,85.25,4.0,Rasuwa
2015-05-10,2:44,26.94,86.67,4.0,Udayapur
2015-05-10,6:34,27.88,86,4.4,Sindhupalchowk
2015-05-10,1:50,28.04,85.96,4.2,Tibet
2015-05-09,3:08,28.04,85.20,4.1,Rasuwa
2015-05-08,2:19,27.94,85.58,4.0,Sindhupalchowk
2015-05-08,6:17,27.69,86.04,5.0,Dolakha
2015-05-08,8:19,27.75,85.91,4.2,Sindhupalchowk
2015-05-08,1:32,27.77,85.88,4.8,Sindhupalchowk
2015-05-08,3:05,28.01,85.41,4.2,Nuwakot
2015-05-07,10:15,27.92,85.46,4.0,Nuwakot
2015-05-07,7:56,27.79,85.16,4.0,Nuwakot
2015-05-07,3:41,27.75,85.19,4.2,Dhading
2015-05-06,10:19,28.04,85.26,4.0,Rasuwa
2015-05-06,6:02,28.01,84.68,4.2,Gorkha
2015-05-05,6:39,28.06,85.05,4.0,Dhading
2015-05-05,4:23,27.74,86.03,4.3,Sindhupalchok
2015-05-05,5:00,27.96,86.00,4.2,Tibet
2015-05-04,4:59,27.75,85.87,4.2,Sindhupalchowk
2015-05-04,7:00,27.69,85.99,4.3,Dolakha
2015-05-04,9:54,27.97,85.21,4.2,Nuwakot
2015-05-04,10:33,27.79,85.16,4.0,Nuwakot
2015-05-04,10:36,27.80,85.16,4.1,Nuwakot
2015-05-04,2:34,27.79,86.23,4.7,Dolakha
2015-05-04,3:40,27.95,85.86,4.4,Sindhupalchowk
2015-05-04,1:17,28.12,84.8,4.0,Gorkha
2015-05-04,06:02,27.74,86,4.2,Dolakha
2015-05-03,3:29,27.69,85.93,4.5,Sindhupalchowk
2015-05-03,22:39,28.05,84.94,4.0,Dhading
2015-05-03,5:47,28.08,85.04,4.0,Dhading
2015-05-03,8:00,27.98,84.87,4.1,Dhading
2015-05-03,10:46,27.94,84.83,4.5,Dhading
2015-05-03,5:20,27.8,85.11,4.9,Nuwakot
2015-05-03,6:58,27.89,85.73,4.0,Sindhupalchowk
2015-05-03,8:27,28.09,85.72,4.2,Sindhupalchowk
2015-05-02,3:55 AM,27.95,85.73,4.0,Sindhupalchowk
2015-05-02,5:55 AM,27.74,86.28,4.0,Dolakha
2015-05-02,9:32 AM,27.93,85.5,4.0,Sindhupalchowk
2015-05-02,11:13 AM,27.72,85.74,4.0,Sindhupalchowk
2015-05-02,11:20 AM,28.24,84.76,5.0,Gorkha
2015-05-02,9:01 PM,27.66,86.01,4.0,Dolakha
2015-05-01,12:58 AM,27.7,85.98,4.0,Dolakha
2015-05-01,2:56 AM,27.68,85.3,4.0,Kathmandu
2015-05-01,10:35 AM,27.75,85.95,4.0,Sindhupalchowk
2015-05-01,11:28 AM,28.04,85.33,4.0,Rasuwa
2015-05-01,5:37 PM,27.74,85.99,4.0,Dolakha
2015-05-01,8:27 PM,27.88,85.87,4.0,Sindhupalchowk
2015-05-01,11:59 PM,28.04,85.32,4.0,Rasuwa
2015-04-30,6:22 AM,27.93,84.83,4.0,Dhading
2015-04-30,8:31 AM,28.05,85.34,4.0,Rasuwa
2015-04-30,1:29 PM,27.65,86.09,4.0,Dolakha
2015-04-30,11:19 PM,27.92,85.87,4.0,Sindhupalchowk
2015-04-29,4:49 AM,27.93,85.63,4.0,Sindhupalchowk
2015-04-29,5:54 AM,27.79,85.14,4.0,Nuwakot
2015-04-29,1:17 PM,28.04,85.37,4.0,Nuwakot
2015-04-29,3:24 PM,27.86,84.89,4.0,Dhading
2015-04-29,5:12 PM,27.95,85.52,4.0,Sindhupalchowk
2015-04-29,11:01 PM,28.19,84.8,4.0,Gorkha
2015-04-28,12:44 AM,28.29,84.93,4.0,Gorkha
2015-04-28,2:59 AM,27.92,85.51,4.0,Sindhupalchowk
2015-04-28,08:40,27.76,85.80,4.0,Sindhupalchowk
2015-04-28,10:07,28.20,84.78,4.0,Gorkha
2015-04-28,05:05,28.1,85.49,4.9,Sindhupalchok
2015-04-28,7:45,27.81,86.09,4.2,Dolakha
2015-04-28,05:03,27.88,85.88,4.2,Sindhupalchowk
2015-04-28,02:59,27.92,85.51,4.2,Sindhupalchowk
2015-04-28,3:12,27.89,85.76,4.2,Sindhupalchowk
2015-04-28,03:10,27.83,85.83,4.0,Sindhupalchok
2015-04-28,04:11,28.10,84.65,4.2,Gorkha
2015-04-28,04:44,27.78,85.17,4.0,Nuwakot
2015-04-27,09:36,27.67,85.29,4.5,Kathmandu
2015-04-27,09:59,28.24,85.23,4.3,Rasuwa
2015-04-27,10:05,27.93,85.86,4.0,Sindhupalchok
2015-04-27,10:39,27.82,85.89,4.2,Sindhupalchok
2015-04-27,11:30,28.19,85.03,4.0,Dhading
2015-04-27,08:18,27.67,85.55,4.2,Kavrepalanchok
2015-04-27,06:24,27.77,85.12,4.7,Nuwakot
2015-04-27,04:27,27.82,85.76,4.4,Sindhupalchok
2015-04-27,04:17,27.57,85.74,4.5,Kavrepalanchok
2015-04-27,04:15,27.56,85.73,4.2,Kavrepalanchok
2015-04-27,03:37,27.75,85.20,4.1,Dhading
2015-04-27,03:17,27.8,85.12,4.0,Nuwakot
2015-04-27,00:39,28.26,85.10,4.5,Dhading
2015-04-26,15:27,27.77,85.91,4.5,Sindhupalchowk
2015-04-26,14:31,27.97,85.81,4.5,Sindhupalchowk
2015-04-26,12:43,27.71,85.43,4.6,Bhaktapur
2015-04-26,12:14,27.94,85.55,4.1,Sindhupalchok
2015-04-26,11:51,27.91,85.55,4.2,Sindhupalchok
2015-04-26,10:43,28.26,85.02,4.8,Gorkha
2015-04-26,10:42,27.83,86.06,4.0,Dolakha
2015-04-26,10:35,28.04,85.50,4.5,Sindhupalchok
2015-04-26,10:10,27.95,85.87,5.3,Sindhupalchok
2015-04-26,10:08,27.67,85.30,4.0,Lalitpur
2015-04-26,09:47,27.65,85.97,4.0,Dolakha
2015-04-26,09:06,27.64,85.63,5.0,Kavrepalanchok
2015-04-26,08:55,27.80,85.16,5.1,Nuwakot
2015-04-26,08:43,28.32,84.73,4.5,Gorkha
2015-04-26,08:42,28.31,84.97,4.5,Gorkha
2015-04-26,08:29,27.72,85.97,4.5,Dolakha
2015-04-26,08:17,27.79,85.15,4.0,Nuwakot
2015-04-26,07:09,27.84,86.05,6.9,Dolakha
2015-04-26,07:08,27.68,85.95,4.0,Dolakha
2015-04-26,06:56,27.89,85.60,5.0,Sindhupalchok
2015-04-26,06:16,27.84,85.12,4.0,Nuwakot
2015-04-26,06:00,27.67,85.28,4.0,Kathmandu
2015-04-26,05:32,28.05,85.34,4.0,Rasuwa
2015-04-26,5:26,27.67,86.07,4.5,Dolakha
2015-04-26,05:25,27.69,85.25,4.0,Kathmandu
2015-04-26,02:52,27.82,85.80,4.8,Sindhupalchowk
2015-04-26,02:49,27.98,84.99,4.0,Dhading
2015-04-26,02:25,27.79,86.00,4.8,Sindhupalchowk
2015-04-26,02:17,27.60,85.96,4.8,Dolakha
2015-04-26,02:08,28.25,85.83,4.0,Tibet
2015-04-26,01:56,27.93,85.56,4.4,Sindhupalchowk
2015-04-26,01:52,28.14,84.71,4.2,Gorkha
2015-04-26,01:49,28.05,85.35,4.0,Rasuwa
2015-04-26,01:29,27.93,85.56,4.1,Sindhupalchowk
2015-04-26,1:22 PM,27.94,86.05,5.0,Tibet
2015-04-26,23:46,27.78,85.98,4.1,Sindhupalchowk
2015-04-26,01:12,27.75,85.94,5.3,Sindhupalchowk
2015-04-26,23:19,27.77,85.83,4.1,Sindhupalchowk
2015-04-25,3:28 PM,28.29,85.16,4.0,Rasuwa
2015-04-25,4:08 PM,27.87,85.8,4.0,Sindhupalchowk
2015-04-25,23:24,27.90,85.53,4.0,Sindhupalchowk
2015-04-25,23:19,27.77,85.83,4.1,Sindhupalchowk
2015-04-25,11:41,28.14,85.28,4.0,Rasuwa
2015-04-25,12:17,28,85.4,4.0,Nuwakot
2015-04-25,12:44,28.16,84.71,5.0,Gorkha
2015-04-25,13:30,28.1,85.2,4.7,Rasuwa
2015-04-25,09:30,28.00,85.60,5.5,Sindhupalchowk
2015-04-25,09:03,27.91,85.33,5.3,Nuwakot
2015-04-25,06:11,28.24,84.75,7.6,Gorkha
2015-04-25,06:45,28.28,84.72,6.6,Gorkha
2015-04-25,06:56,28.13,85.65,5.0,Rasuwa
2015-04-25,07:08,28.20,85.75,5.3,Rasuwa
2015-04-25,16:08,27.87,85.80,4.1,Sindhupalchowk
2015-04-25,09:43,28.29,85.16,4.6,Dhading
2015-04-25,12:44,28.16,84.71,5.5,Gorkha
2015-04-25,12:39,27.82,86.05,4.5,Dolakha
2015-04-25,12:17,28.00,85.40,4.9,Nuwakot
2015-04-25,11:05,27.91,85.50,4.6,Sidhupalchowk
2015-04-25,11:41,28.14,85.28,4.1,Rasuwa
2015-04-25,10:40,27.86,85.85,4.0,Sindhupalchowk
2015-04-25,06:38,28.41,85.80,5.5,Tibet
2015-04-25,07:47,27.99,85.71,5.1,Sindhupalchok
2015-04-25,11:27 PM,28.34,85.91,5.0,Tibet
2015-04-25,12:39,27.82,86.05,4.0,Dolakha
2015-04-25,7:21,27.69,86.02,4.9,Dolakha
2015-04-25,8:21 PM,27.6,86.09,4.0,Dolakha
2015-04-25,11:25 PM,27.78,85.17,4.0,Nuwakot
2015-04-25,11:24 PM,27.9,85.53,4.0,Sindhupalchowk
2015-04-25,7:55 PM,27.73,85.9,4.0,Sindhupalchowk
2015-04-25,8:08 PM,28.05,85.25,4.0,Rasuwa
2015-04-25,8:25 PM,27.73,85.9,5.0,Sindhupalchowk
2015-04-25,8:36 PM,28.14,85.16,4.0,Rasuwa
2015-04-25,9:02 PM,27.95,85.56,4.0,Sindhupalchowk
2015-04-25,10:12 PM,27.92,85.64,5.0,Sindhupalchowk
2015-04-25,10:31 PM,27.8,85.29,4.0,Nuwakot
2015-04-25,11:19 PM,27.77,85.83,4.0,Sindhupalchowk
2015-04-25,08:29,28.18,84.95,5.2,Gorkha
2015-04-25,08:21,27.60,86.09,4.5,Dolakha
2015-04-25,10:23,27.87,85.80,4.1,Sindhupalchok
2015-04-25,09:43,28.29,85.16,4.0,Rasuwa
2015-04-25,08:55,27.65,85.63,5.7,Kavrepalanchok
2015-04-25,08:17,27.78,85.84,5.2,Sindhupalchok
2015-04-25,08:20,27.90,84.86,5.1,Dhading
2015-04-23,01:57,28.40,83.99,4.1,Kaski
2015-04-22,07:14,28.80,81.92,4.5,Jajarkot
2015-04-21,19:52,28.85,82.18,5.1,Jajarkot
2015-02-14,22:51,27.42,87.01,4.5,Bhojpur
2015-01-31,19:44,28.29,83.73,5.5,Parbat
2015-01-22,09:27,29.36,81.03,4.4,Doti
2015-01-06,01:26,29.07,81.51,4.5,Dailekh
2014-12-18,15:32,27.73,86.52,5.9,Ramechhap
2014-11-25,15:49,28.25,84.94,4.5,Gorkha
2014-09-17,10:29,27.76,88.05,4.5,Taplejung
2014-08-03,17:57,29.45,85.64,5.9,Tibet
2014-07-07,16:37,29.73,80.93,4.2,Darchula
2014-07-04,05:58,27.83,87.91,4.6,Taplejung
2014-05-25,02:46,28.23,84.09,4.1,Kaski
2014-05-20,18:36,28.32,84.73,4.3,Gorkha
2014-04-23,07:14,27.30,87.62,4.0,Taplejung
2014-04-11,17:22,29.29,81.26,4.2,Achham
2014-03-31,07:51,30.11,81.93,4.4,Humla
2013-11-03,06:47,29.56,81.68,4.3,Bajura
2013-10-28,01:37,27.36,87.37,4.3,Sankhuwasava
2013-10-13,21:43,30.08,81.74,4.5,Humla
2013-10-03,06:12,27.14,88.51,5.7,Sikkim
2013-09-22,14:35,30.25,81.55,4.4,Humla
2013-09-12,04:29,26.96,87.34,4.5,Dhankuta
2013-08-30,17:48,28.43,86.03,6.0,Tibet
2013-06-28,11:40,28.76,82.40,5.5,Rukum West
2013-06-27,06:20,30.05,80.80,4.4,Darchula
2013-06-26,22:22,26.85,85.96,4.4,Dhanusha
2013-06-09,16:11,27.31,86.70,4.2,Khotang
2013-05-31,06:04,29.74,81.60,4.5,Bajura
2013-05-26,17:38,27.72,85.91,4.2,Sindhupalchok
2013-05-14,03:13,29.56,82.00,4.3,Mugu
2013-05-14,03:18,29.68,82.00,4.4,Mugu
2013-05-14,09:59,29.65,81.98,4.5,Mugu
2013-04-28,18:28,29.87,81.26,4.9,Bajhang
2013-03-17,11:59,26.74,86.08,4.2,Dhanusha
2013-03-06,16:49,28.57,82.27,5.4,Salyan
2013-02-22,02:41,28.39,83.18,4.1,Baglung
2013-02-07,01:08,29.42,81.05,4.0,Bajhang
2013-01-18,20:59,29.48,81.26,4.5,Bajhang
2013-01-13,17:35,26.84,86.22,4.0,Siraha
2013-01-09,07:44,29.82,81.70,5.5,Bajura
2013-01-02,17:42,29.41,81.00,4.7,Doti
2012-12-22,06:05,28.27,82.84,4.5,Rolpa
2012-12-04,03:01,28.88,82.34,4.0,Jajarkot
2012-11-12,12:42,29.55,81.31,4.5,Bajhang
2012-11-11,18:39,29.51,81.13,5.6,Bajhang
2012-10-22,06:56,27.95,87.86,4.5,Taplejung/Tibet
2012-09-17,09:45,28.59,82.41,4.4,Rukum West
2012-08-30,14:11,28.61,82.43,4.5,Rukum West
2012-08-29,19:54,28.40,82.79,4.3,Rolpa
2012-08-28,08:31,28.73,81.81,4.4,Dailekh
2012-08-24,03:55,28.42,82.75,5.2,Rolpa
2012-08-24,12:17,28.38,82.66,4.4,Rolpa
2012-08-23,16:42,28.39,82.73,4.4,Rolpa
2012-08-23,16:30,28.38,82.84,5.6,Rolpa
2012-08-06,01:53,27.77,88.13,4.2,Taplejung
2012-07-31,11:50,28.58,82.48,5.0,Rukum West
2012-07-31,11:58,28.53,82.42,4.8,Rukum West
2012-07-31,12:05,28.55,82.37,4.2,Salyan
2012-07-28,05:48,30.12,80.54,5.0,India
2012-07-11,17:23,29.43,81.03,4.9,Bajhang
2012-07-01,07:54,27.27,88.05,4.0,Panchthar/Sikkim
2012-06-15,16:15,28.99,81.58,4.2,Dailekh
2012-06-11,04:35,27.25,88.00,4.5,Panchthar
2012-06-09,07:54,28.32,84.17,5.1,Kaski
2012-05-30,09:34,27.31,87.88,4.2,Taplejung
2012-04-17,23:13,28.50,82.06,4.2,Salyan
2012-04-11,02:52,29.55,81.24,4.3,Bajhang
2012-03-27,23:40,26.12,87.87,5.2,India
2012-03-19,22:36,28.70,82.02,4.7,Jajarkot
2012-02-26,22:56,29.71,81.02,4.4,Bajhang
2012-02-26,23:08,29.86,81.05,4.9,Bajhang
2012-02-14,13:41,27.38,88.11,4.5,Panchthar/Sikkim
2012-02-14,13:48,27.33,88.03,4.4,Panchthar
2012-02-05,20:06,27.25,88.07,4.0,Panchthar/Sikkim
2012-01-24,04:07,26.84,86.43,4.0,Siraha
2012-01-19,00:46,29.73,81.91,4.6,Humla
2012-01-18,11:16,26.63,86.40,4.5,Siraha
2012-01-11,08:59,28.89,81.89,4.2,Dailekh
2011-12-30,2:10 AM,29.62,81.53,4.0,Bajura
2011-12-18,21:35,27.73,88.16,4.6,Taplejung
2011-12-14,20:20,27.72,88.09,4.9,Taplejung
2011-12-09,11:57,27.83,88.13,4.2,Taplejung
2011-12-08,5:40 PM,27.97,82.86,4.0,Pyuthan
2011-12-02,05:17,28.05,85.34,4.2,Rasuwa
2011-11-23,00:26,28.91,81.68,4.2,Dailekh
2011-11-19,00:06,27.70,86.10,4.0,Dolakha
2011-11-13,23:46,28.20,84.93,5.2,Gorkha
2011-11-08,18:07,27.94,85.55,4.1,Sindhupalchowk
2011-11-04,16:49,28.34,83.66,4.0,Parbat
2011-10-02,11:29,29.55,81.68,4.2,Bajura
2011-10-01,04:26,30.16,81.81,4.7,Humla
2011-09-18,12:40,27.78,88.32,6.8,Sikkim
2011-08-27,07:51,26.94,86.60,5.0,Udayapur
2011-08-25,08:01,28.15,82.53,4.4,Rolpa
2011-08-22,14:51,28.29,83.96,4.0,Kaski
2011-08-19,01:52,29.70,81.34,4.9,Bajhang
2011-08-18,08:35,28.21,84.31,4.0,Lamjung
2011-08-15,16:48,27.44,86.27,5.0,Okhaldhunga
2011-08-09,01:09,29.90,81.31,4.3,Bajhang
2011-08-02,01:47,27.35,86.35,4.0,Okhaldhunga
2011-07-29,13:11,27.19,86.76,4.2,Khotang
2011-07-15,19:59,27.28,87.30,4.5,Sankhuwasabha
2011-06-18,17:31,27.83,87.35,4.3,Sankhuwasabha
2011-06-17,03:37,30.24,81.48,4.2,Humla
2011-06-11,11:41,28.40,82.55,4.1,Rolpa
2011-06-11,04:42,28.41,82.66,4.2,Rolpa
2011-06-03,00:53,27.60,88.03,5.2,Taplejung
2011-04-07,10:09,27.93,85.61,4.1,Sindhupalchowk
2011-04-05,01:00,29.74,80.37,4.1,Darchula
2011-04-04,11:31,29.92,80.54,5.7,Darchula
2011-04-04,13:42,30,80.81,4.3,Darchula
2011-03-22,05:10,28.11,82.74,4.2,Pyuthan
2011-03-12,00:06,28.31,83.78,4.4,Kaski
2011-03-11,16:58,28.31,83.80,4.3,Kaski
2011-03-10,16:49,28.02,85.24,4.3,Rasuwa
2011-02-22,19:44,27.57,87.01,4.2,Sankhuwasabha
2011-02-13,17:51,27.47,87.01,4.7,Sankhuwasabha
2011-01-18,07:02,27.80,85.94,4.3,Sindhupalchowk
2011-01-18,03:35,30.03,81.97,4.1,Humla
2010-12-18,06:30,28.18,84.79,4.1,Gorkha
2010-12-05,06:37,29.57,81.70,4.2,Bajura
2010-11-30,16:20,26.93,85.79,4.4,Mahottari
2010-11-25,14:05,28.44,83.17,4.7,Baglung
2010-10-17,21:11,28.64,85.71,5.7,Tibet
2010-09-01,22:12,28.23,84.37,4.0,Lamjung
2010-06-13,14:38,29.40,81.38,4.5,Bajura
2010-06-13,14:31,29.60,81.65,5.4,Bajura
2010-05-13,06:05,28.30,84.51,4.4,Lamjung
2010-04-30,00:10,27.75,86.36,4.0,Dolakha
2010-04-14,06:19,28.31,83.09,4.2,Baglung
2010-04-13,14:08,29.37,81.34,4.5,Bajura
2010-03-01,02:53,29.76,81.55,4.3,Bajhang
2010-02-28,11:54,28.40,81.51,4.2,Bardiya
2010-02-25,14:06,29.78,81.51,4.7,Bajhang
2010-02-17,09:07,26.79,86.08,4.2,Dhanusa
2010-01-18,06:15,28.37,83.97,4.0,Kaski
2009-12-16,06:13,29.60,81.51,4.8,Bajura
2009-12-15,16:16,28.28,84.40,4.1,Lamjung
2009-11-22,09:56,29.02,82.15,4.8,Jajarkot
2009-11-08,19:29,30.11,81.91,4.3,Humla
2009-11-02,22:44,27.87,87.94,4.0,Taplejung
2009-11-01,08:50,30.10,81.81,4.5,Humla
2009-10-29,18:39,28.73,83.11,4.1,Rukum East
2009-09-26,19:51,29.81,82.05,4.3,Humla
2009-08-02,10:04,28.12,85.18,4.0,Rasuwa
2009-07-12,13:35,27.71,86.36,4.5,Dolakha
2009-05-14,20:13,27.43,87.35,4.2,Sankhuwasava
2009-05-14,19:18,27.48,87.36,4.6,Sankhuwasava
2009-04-13,14:49,28.25,84.54,4.3,Lamjung
2009-03-12,10:12,28.43,84.42,4.2,Lamjung
2009-03-08,14:38,27.41,87.80,4.6,Taplejung
2009-01-23,12:27,29.05,81.40,4.2,Achham
2009-01-10,00:28,27.90,88.04,4.2,Taplejung
2008-12-29,02:23,30.13,82.03,4.0,Humla
2008-12-26,11:43,30.09,81.90,4.5,Humla
2008-12-23,21:19,28.18,84.38,4.4,Lamjung
2008-12-19,06:33,30.10,81.91,4.4,Humla
2008-12-08,08:59,30.15,81.86,6.3,Humla
2008-12-02,09:15,27.33,87.92,4.1,Taplejung
2008-12-02,07:38,27.29,87.92,4.3,Taplejung
2008-12-02,06:10,27.30,87.99,4.1,Panchthar
2008-12-02,05:11,27.30,88.03,4.1,Panchthar
2008-12-02,05:11,27.32,87.99,5.6,Taplejung
2008-12-01,09:23,28.18,85.29,5.0,Rasuwa
2008-10-07,18:09,27.47,87.71,4.6,Taplejung
2008-09-10,19:25,28.40,83.03,4.1,Baglung
2008-08-02,22:04,28.18,85.29,4.4,Rasuwa
2008-06-20,18:05,27.98,85.73,4.8,Sindhupalchowk
2008-06-15,03:27,29.73,80.96,5.0,Darchula
2008-06-02,22:24,27.80,85.91,4.1,Sindhupalchowk
2008-05-20,19:10,28.33,83.33,4.3,Baglung
2008-05-08,15:35,27.50,87.52,4.2,Taplejung
2008-03-17,18:55,29.76,81.53,4.6,Bajhang
2008-03-02,14:14,29.69,81.76,4.4,Humla
2008-02-16,02:49,26.79,86.25,4.2,Siraha
2008-02-14,23:13,27.80,88.15,4.1,Taplejung
2008-01-15,13:37,27.37,86.53,4.1,Okhaldhunga
2007-12-01,18:18,28.05,85.28,4.1,Rasuwa
2007-11-05,17:32,28.20,84.45,4.5,Lamjung
2007-10-29,09:49,27.90,85.45,5.0,Nuwakot
2007-10-12,10:03,27.75,86.12,4.0,Dolakha
2007-09-07,08:42,27.72,86.26,4.1,Dolakha
2007-09-07,06:39,28.05,85.33,4.2,Rasuwa
2007-08-11,14:35,27.28,87.90,5.2,Panchthar
2007-08-06,00:53,27.84,85.69,4.1,Sindhupalchowk
2007-08-03,06:46,27.20,87.04,4.5,Bhojpur
2007-08-03,03:50,27.24,87.03,4.5,Bhojpur
2007-08-03,08:11,27.24,87.02,4.0,Bhojpur
2007-08-03,20:44,27.21,87.97,4.4,Panchthar
2007-08-01,15:17,29.49,81.91,4.6,Mugu
2007-07-30,19:13,27.24,87.02,4.1,Bhojpur
2007-07-07,15:13,28.08,85.30,4.0,Rasuwa
2007-06-17,02:30,27.83,84.91,4.2,Dhading
2007-06-04,07:47,27.36,83.98,4.2,Chitwan/Bihar
2007-05-16,04:17,27.50,88.08,4.6,Taplejung/Sikkim
2007-03-10,13:25,29.50,81.21,4.9,Bajhang
2007-02-15,09:09,29.83,81.45,5.2,Bajhang
2007-02-06,20:08,28.35,83.42,4.1,Baglung
2007-02-06,20:10,28.35,83.43,4.2,Myagdi
2007-02-05,07:57,29.99,81.05,4.1,Bajhang
2006-11-11,15:44,27.21,87.63,4.2,Tehrathum
2006-09-26,04:04,30.10,80.83,4.5,Darchula
2006-09-19,06:56,29.62,81.54,5.0,Bajura
2006-09-17,21:12,26.98,87.80,4.2,Illam
2006-08-30,18:25,29.05,83.60,4.3,Dolpa
2006-08-15,00:30,27.89,85.70,4.3,Sindhupalchowk
2006-05-05,08:00,29.43,81.26,4.8,Bajura
2006-04-04,08:23,27.91,85.83,4.6,Sindhupalchowk
2006-02-19,21:18,28.24,83.89,4.7,Kaski
2006-02-03,01:57,27.18,86.80,5.4,Khotang
2005-11-06,01:36,29.61,82.02,5.1,Mugu
2005-10-31,21:47,28.65,84.83,4.7,Gorkha/ Tibet
2005-10-31,05:51,29.59,82.20,5.4,Mugu
2005-10-29,23:32,29.45,81.94,5.3,Mugu
2005-08-28,13:14,27.31,87.22,5.5,Sankhuwasava
2005-08-08,23:53,27.98,85.51,4.2,Sindhupalchowk
2005-07-27,02:06,27.42,86.83,4.3,Khotang
2005-06-14,14:23,27.28,87.89,4.6,Panchthar
2005-05-05,05:45,27.69,87.70,4.1,Taplejung
2005-04-15,16:27,27.92,85.71,4.1,Sindhupalchowk
2005-04-07,01:40,29.35,81.88,4.2,Kalikot
2005-04-04,4:40,28.54,83.31,4.1,Myagdi
2005-04-04,04:28,28.56,83.18,4.1,Myagdi
2005-04-04,05:05,28.54,83.31,4.1,Myagdi
2005-03-29,15:51,28.11,84.77,4.4,Gorkha
2005-03-29,09:24,28.04,84.74,4.0,Gorkha
2005-03-29,12:54,28.14,84.80,4.1,Gorkha
2005-03-29,01:21,28.15,84.37,4.0,Lamjung
2005-03-19,10:54,28.25,84.39,5.4,Lamjung
2005-03-05,12:19,28.27,84.39,5.0,Lamjung
2005-02-08,01:51,27.76,86.07,5.1,Dolakha
2005-01-16,08:43,29.68,81.14,5.0,Bajhang
2004-12-27,21:21,27.76,86.20,4.2,Dolakaha
2004-12-26,13:46,29.90,81.63,4.3,Bajura
2004-11-17,10:39,28.26,84.67,4.1,Gorkha
2004-11-09,10:50,28.76,82.93,4.4,Rukum East
2004-10-05,10:25,26.82,86.55,4.1,Siraha
2004-09-12,08:48,29.50,81.84,4.3,Mugu
2004-09-02,22:39,27.87,85.93,4.1,Sindhupalchowk
2004-08-22,17:19,28.03,85.24,4.1,Rasuwa
2004-07-20,03:35,27.96,85.88,4.5,Sindhupalchok
2004-07-16,20:33,28.32,84.06,4.6,Kaski
2004-05-29,16:06,28.59,82.98,4.3,Baglung
2004-05-29,12:22,28.55,82.96,4.9,Baglung
2004-03-31,22:32,27.18,87.63,4.6,Terhathum
2004-03-17,04:44,27.67,87.82,4.1,Taplejung
2004-02-18,01:23,27.61,87.80,4.7,Taplejung
2004-02-14,7:30,29.67,80.88,4.3,Bhajhang
2004-02-02,03:21,29.32,81.53,4.1,Kalikot
2004-01-07,23:21,28.07,85.00,4.0,Dhading
2004-01-03,13:40,27.77,86.05,4.1,Dolakha
2004-01-03,13:14,27.76,86.07,5.5,Dolakha
2003-12-19,03:20,27.60,87.67,4.2,Taplejung
2003-12-11,14:44,29.85,80.54,4.1,Darchula/India
2003-12-05,17:53,28.40,83.93,4.0,Kaski
2003-11-23,19:15,28.45,83.94,4.5,Kaski
2003-11-22,05:07,28.44,83.90,5.0,Kaski
2003-11-05,12:19,27.78,86.16,4.1,Dolakha
2003-10-29,07:59,27.26,86.69,4.0,Khotang
2003-09-29,03:40,27.52,87.85,4.6,Taplejung
2003-09-24,00:45,29.00,81.95,4.3,Kalikot
2003-08-05,04:27,27.99,86.03,4.2,Sidhupalchowk/ Tibet
2003-08-02,01:13,29.51,82.10,4.4,Mugu
2003-07-28,02:45,28.75,82.52,4.5,Rukum West
2003-06-23,12:30,27.79,87.97,4.8,Taplejung
2003-04-04,07:02,30.10,80.39,5.0,"Pithoragarh, India"
2003-02-26,19:58,28.32,86.54,4.6,Tibet
2002-11-20,23:27,29.64,81.52,4.7,Bajura
2002-10-11,18:59,28.28,83.94,4.0,Kaski
2002-10-09,13:48,28.18,83.90,4.1,Syangja
2002-09-09,14:37,28.98,80.74,4.1,Kailali
2002-08-11,08:09,26.97,86.40,4.1,Udayapur
2002-07-16,18:39,27.75,87.36,4.3,Sankhuwasabha
2002-07-02,17:10,27.17,84.82,4.1,Parsa
2002-06-20,05:40,25.63,88.38,5.5,Bangladesh
2002-06-13,18:13,28.23,84.86,4.0,Gorkha
2002-06-07,14:46,28.77,81.12,4.0,Kailali
2002-06-05,12:38,28.86,80.75,4.0,Kailali
2002-06-04,14:56,28.79,80.53,4.0,Kanchanpur
2002-05-02,17:35,27.67,86.67,5.2,Solukhumbu
2002-04-15,9:56,26.87,86.31,4.0,Siraha
2002-04-09,07:23,27.46,86.14,4.0,Ramechhap
2002-02-03,7:41,27.72,86.37,4.1,Dolakha
2001-12-19,7:54,23.83,89.88,4.8,Bangaladesh
2001-12-18,2:21,29.58,81.77,4.7,Bajura
2001-11-28,10:05,29.59,81.77,4.5,Bajura
2001-11-27,17:56,29.52,81.99,5.2,Mugu
2001-11-27,08:53,29.53,81.81,5.8,Mugu
2001-11-27,07:31,29.63,81.79,5.7,Humla
2001-10-27,11:07,29.56,81.46,4.7,Bajura
2001-09-27,22:04,26.98,87.78,4.8,Ilam
2001-09-13,06:20,29.82,80.64,5.0,Darchula
2001-07-16,23:01,28.27,84.25,4.8,Lamjung
2001-07-16,16:12,27.97,84.68,5.9,Gorkha
2001-07-11,19:44,29.51,81.39,4.3,Bajura
2001-04-15,08:36,29.41,81.58,4.5,Bajura
2001-04-03,23:08,27.88,86.21,5.1,Dolakha
2001-01-26,3:16,24.17,69.85,7.0,"Bhuj,India"
2000-12-31,22:51,27.84,87.71,4.1,Taplejung/Tibet
2000-09-02,04:21,28.07,85.33,4.5,Rasuwa
2000-06-02,18:09,28.07,83.29,4.2,Gulmi
2000-04-30,19:31,27.68,86.93,4.0,Solukhumbu
2000-03-17,4:58,27.76,87.55,4.2,Sankhuwasabha
2000-03-13,23:09,29.77,81.41,4.2,Bajhang
2000-03-13,20:44,27.73,87.71,5.1,Taplejung
2000-01-25,12:07,27.38,86.06,4.6,Panchthar/Sikkim
1999-09-20,07:28,27.44,87.85,4.9,Taplejung 	
1999-08-26,19:51,27.46,86.44,4.2,Okhaldhunga
1999-08-01,8:24,28.09,86.52,5.7,Dolakha/Tibet
1999-04-07,06:57,29.60,81.23,4.4,Bajhang
1999-03-28,19:05,30.50,79.26,6.5,"Chamauli,India"
1999-03-19,05:53,27.93,85.83,4.8,Sindhupalchowk
1999-02-19,23:40,29.87,80..62,4.6,Darchula
1999-02-01,01:25,28.61,83.35,4.7,Myagdi
1998-09-10,22:57,27.35,88.36,5.0,Taplejung/Sikkim
1998-09-06,21:35,87.84,87.00,4.6,Sankhuwasabha
1998-09-04,21:16,27.78,86.96,4.0,Solukhumbu
1998-09-03,18:15,27.87,86.96,5.6,Solukhumbu
1998-08-20,14:31,27.77,87.85,4.5,Taplejung
1998-07-15,4:36,29.37,81.34,4.8,Bajura
1998-06-27,09:05,27.87,85.81,5.4,Sindhupalchowk
1998-05-16,10:31,26.83,84.87,5.5,Bihar
1998-05-10,14:56,29.41,82.38,4.7,Jumla
1998-02-28,08:11,27.12,86.77,4.0,Khotang
1998-02-22,2:40,28.72,85.52,5.5,Tibet
1998-02-12,2:40,27.59,88.19,4.6,Taplejung
1997-12-08,6:37,27.02,86.92,4.5,Khotang
1997-12-08,02:03,27.94,87.07,5.6,Sankhuwasabha
1997-11-27,16:12,27.74,87.00,5.5,Sankhuwasabha
1997-11-26,21:56,27.88,86.34,4.7,Dolakha
1997-10-24,12:06,28.66,82.54,5.2,Rukum
1997-10-11,10:11,27.70,86.46,5.0,Ramechhap
1997-09-06,2:35,28.38,81.48,4.0,Bardiya
1997-06-17,06:26,28.93,81.48,4.1,Dailekh
1997-05-26,03:04,27.42,86.80,4.2,Solukhumbu
1997-05-26,00:45,27.34,86.78,4.0,Khotang
1997-05-21,22:51,23.71,80.47,6.0,India
1997-05-12,16:21,27.70,87.78,4.2,Taplejung
1997-05-01,15:37,29.34,80.64,4.2,Dadeldhura
1997-04-15,07:19,27.63,86.58,4.1,Solukhumbu
1997-04-07,13:00,27.47,86.67,5.1,Solukhumbu
1997-03-29,07:10,27.97,85.26,4.3,Nuwakot
1997-03-24,21:28,28.08,85.29,5.4,Rasuwa
1997-03-03,09:29,26.89,86.35,5.2,Udayapur
1997-02-18,06:55,29.52,81.33,4.4,Bajhang
1997-02-10,20:06,28.04,85.31,5.0,Rasuwa
1997-02-08,05:16,27.96,85.32,5.4,Nuwakot
1997-02-06,14:10,27.96,85.32,4.1,Nuwakot
1997-02-03,10:38,28.09,85.32,5.1,Rasuwa
1997-02-03,00:43,28.01,85.34,4.7,Rasuwa
1997-02-01,5:55,28.01,85.32,5.0,Rasuwa
1997-01-31,20:42,28:03,85.33,4.2,Rasuwa
1997-01-31,20:55,28.00,85.29,4.9,Rasuwa
1997-01-31,20:02,28.03,85.34,5.8,Rasuwa
1997-01-05,08:47,29.79,80.59,5.6,Darchula
1996-12-31,07:09,26.94,86.54,4.4,Udayapur
1996-12-30,11:08,27.22,86.91,5.7,Khotang
1996-12-29,21:51,29.75,81.83,5.2,Humla
1996-12-22,16:51,29.01,81.73,4.4,Dailekh
1996-12-22,21:45,28.56,81.96,4.1,Surkhet
1996-11-08,00:54,29.67,81.70,4.9,Bajura
1996-11-04,20:43,29.51,81.95,4.3,Bajura
1996-10-31,16:01,29.32,81.95,4.3,Jumla
1996-09-22,21:57,29.17,81.09,4.1,Achham
1996-09-17,19:03,30.11,81.64,4.4,Humla
1996-09-16,22:10,29.90,81.69,4.1,Bajura
1996-08-28,01:08,29.58,81.65,4.3,Bajura
1996-08-08,13:05,27.19,88.01,4.2,Panchthar
1996-07-28,06:25,29.45,81.94,4.0,Mugu
1996-07-14,10:53,29.55,81.04,4.0,Bajhang
1996-07-10,17:41,29.15,82.15,4.2,Jumla
1996-05-27,07:19,27.40,86.95,4.0,Bhojpur
1996-05-27,08:19,27.38,86.90,4.4,Khotang
1996-04-26,16:31,27.95,87.76,5.6,Taplejung
1996-04-05,22:37,26.90,86.36,4.0,Udayapur
1996-02-26,04:50,29.83,80.93,4.0,Darchula
1996-02-19,22:31,29.74,81.36,4.1,Bajhang
1996-02-19,22:28,29.79,81.36,4.0,Bajhang
1996-02-07,10:56,29.37,80.37,5.0,Baitadi
1996-01-27,00:35,28.06,84.26,4.4,Tanahu
1995-12-24,19:02,27.55,86.27,4.1,Ramechhap
1995-11-12,17:56,28.14,85.34,4.2,Rasuwa
1995-10-27,11:33,28.76,83.72,4.2,Mustang
1995-10-04,14:39,28.26,84.39,4.7,Lamjung
1995-08-08,19:09,30.00,81.58,4.3,Humla
1995-08-07,00:12,29.88,81.62,4.9,Bajura
1995-08-05,5:21,30.00,81.60,4.0,Humla
1995-08-03,03:05,30.04,81.54,5.0,Humla
1995-07-26,00:36,28.81,80.45,4.2,Kanchanpur
1995-07-24,09:12,28.02,86.78,4.1,Solukhumbu
1995-06-11,6:39,27.40,87.96,4.2,Taplejung
1995-06-05,12:55,29.43,81.71,4.5,Bajura
1995-05-09,21:45,28.59,84.50,4.1,Manang
1995-04-17,01:32,29.39,81.83,5.5,Kalikot
1995-04-17,17:34,29.52,81.65,4.9,Bajura
1995-03-27,21:21,29.30,81.80,4.1,Kalikot
1995-02-28,15:15,29.96,80.78,4.1,Darchula
1995-02-18,13:09,27.81,85.89,4.7,Sindhupalchok
1995-02-08,4:32,29.46,81.07,4.0,Bajhang
1995-02-06,8:20,27.14,87.74,4.1,Panchthar
1995-01-30,03:06,29.26,82.57,4.5,Dolpa
1995-01-30,13:56,29.22,82.25,4.4,Jumla
1995-01-30,N/A,29.38,82.3,4.0,Jumla
1995-01-29,20:52,26.85,86.11,4.5,Dhanusa
1995-01-27,17:20,29.08,81.73,4.3,Kalikot
1995-01-22,06:13,27.90,87.80,4.0,Taplejung
1995-01-19,6:33,28.35,83.44,4.3,Myagdi
1995-01-05,11:38,29.82,80.95,4.4,Darchula
1994-12-21,13:38,27.90,84.99,4.2,Dhading
1994-12-13,8:41,28.47,82.98,4.5,Baglung
1994-12-09,20:32,27.79,85.82,4.1,Sindhupalchok
1994-11-27,16:57,29.73,81.65,4.6,Bajura
1994-11-07,08:40,29.77,80.70,4.4,Darchula
1994-10-24,00:00,28.82,81.97,4.5,Jajarkot
1994-10-22,7:50,28.82,82.22,4.5,Jajarkot
1994-09-27,13:57,26.81,86.09,4.1,Dhanusha
1994-08-16,19:59,26.92,86.62,4.0,Udayapur
1994-06-25,08:32,27.82,86.19,5.1,Dolakha
1994-05-25,13:25,29.80,82.41,4.5,Mugu
1994-05-25,6:15,29.81,81.77,4.0,Bajura
1994-05-03,18:45,28.52,83.03,4.4,Baglung
1994-03-08,02:05,29.33,81.83,4.0,Kalikot
